pose.x,pose.y
2.28139033424668e-05,-6.034809985067113e-07
2.392397800576873e-05,-6.037506068423681e-07
2.6489255105843768e-05,-6.038766287019826e-07
2.911601222876925e-05,-6.038294486643281e-07
3.0602459446527064e-05,-6.035197088749555e-07
3.055173147004098e-05,-6.034267698851181e-07
2.945385131170042e-05,-6.033343424860504e-07
2.8259086320758797e-05,-6.034138095856179e-07
2.7811489417217672e-05,-6.039672371116467e-07
2.8416634449968114e-05,-6.039878144292743e-07
2.9768929380225018e-05,-6.037161028871196e-07
3.122556518064812e-05,-6.035958222128102e-07
3.221451333956793e-05,-6.034031798662909e-07
3.24991560773924e-05,-6.037004709469329e-07
3.225464388378896e-05,-6.039103936927859e-07
3.189833660144359e-05,-6.040350513103476e-07
3.182525324518792e-05,-6.045813734090189e-07
3.222169470973313e-05,-6.040253879291413e-07
3.298333831480704e-05,-6.041359483788256e-07
3.384931915206835e-05,-6.039707045601972e-07
3.455133264651522e-05,-6.040160087650293e-07
3.496081626508385e-05,-6.039967388460354e-07
3.511503746267408e-05,-6.042708946552011e-07
3.517237928463146e-05,-6.046822704774968e-07
3.531542461132631e-05,-6.043425742063846e-07
3.564293001545593e-05,-6.04342005772196e-07
0.00011145397002110258,-7.218608288894757e-07
0.0005715840961784124,-1.0340721701140865e-06
0.0016907217213883996,-1.2328010825513047e-06
0.0037140483036637306,-1.1761569567170227e-06
0.006941890809684992,-9.333039088232908e-07
0.011646358296275139,-5.909712399443379e-07
0.018112460151314735,-1.7118236428359523e-07
0.026630504056811333,5.010710992792156e-07
0.03748071566224098,1.7295074030698743e-06
0.050723444670438766,3.7432637327583507e-06
0.06635302305221558,6.661860425083432e-06
0.08437150716781616,1.0525465768296272e-05
0.10478651523590088,1.548418731545098e-05
0.12760640680789948,2.1754216504632495e-05
0.1528821885585785,2.962857615784742e-05
0.18061769008636475,3.936698703910224e-05
0.21074219048023224,5.10369281983003e-05
0.24320675432682037,6.475851841969416e-05
0.27800214290618896,8.065038855420426e-05
0.3151576519012451,9.886574116535485e-05
0.3547191321849823,0.00011957182141486555
0.39672213792800903,0.00014295672008302063
0.44116562604904175,0.00016919587505981326
0.48779454827308655,0.00019852511468343437
0.5362271666526794,0.00023054891789797693
0.5862379670143127,0.0002647475339472294
0.6375871896743774,0.00030082499142736197
0.6900402307510376,0.00033856037771329284
0.7433213591575623,0.00037772810901515186
0.7971263527870178,0.0004179843235760927
0.8510607481002808,0.0004588040173985064
0.9049434661865234,0.000499647343531251
0.9588949084281921,0.0005403297836892307
1.01324462890625,0.0005812704330310225
1.0683002471923828,0.0006231751758605242
1.1243234872817993,0.0006666068220511079
1.181581735610962,0.0007119521033018827
1.2402830123901367,0.0007593096815980971
1.3006559610366821,0.0008089235052466393
1.3629834651947021,0.0008613552781753242
1.4275702238082886,0.0009173950529657304
1.4943957328796387,0.0009778981329873204
1.5632305145263672,0.0010423940839245915
1.633816123008728,0.0011103807482868433
1.7058712244033813,0.0011810794239863753
1.7790954113006592,0.0012541115283966064
1.8531601428985596,0.0013292465591803193
1.9277743101119995,0.0014059996465221047
2.0026333332061768,0.001483821077272296
2.077502965927124,0.0015619465848430991
2.15238618850708,0.0016399529995396733
2.2273056507110596,0.0017179445130750537
2.302262544631958,0.0017960646655410528
2.377239465713501,0.0018743660766631365
2.452211380004883,0.0019527619006112218
2.527158498764038,0.00203111139126122
2.602077007293701,0.002109371591359377
2.6769771575927734,0.002187503268942237
2.751877784729004,0.0022655916400253773
2.8267946243286133,0.0023437230847775936
2.901808977127075,0.0024219064507633448
2.9772238731384277,0.002500474452972412
3.053300142288208,0.0025801684241741896
3.130305767059326,0.002661624224856496
3.20849609375,0.0027453964576125145
3.2881717681884766,0.0028319484554231167
3.3696036338806152,0.00292196124792099
3.4530935287475586,0.0030162471812218428
3.538928270339966,0.0031154544558376074
3.6271674633026123,0.003220323706045747
3.7177987098693848,0.00333096063695848
3.81081485748291,0.003447346156463027
3.906219005584717,0.003569596679881215
4.003994941711426,0.003697887295857072
4.103922367095947,0.0038322852924466133
4.205714225769043,0.003972157370299101
4.309083461761475,0.004116684664040804
4.41375207901001,0.004265102557837963
4.519437789916992,0.004416691139340401
4.625860214233398,0.004570713732391596
4.732699871063232,0.004726476036012173
4.839666843414307,0.005630058236420155
4.9463210105896,0.010040849447250366
5.052064895629883,0.019923407584428787
5.156790733337402,0.034924060106277466
5.261231899261475,0.052149977535009384
5.365706920623779,0.06973037868738174
5.470229625701904,0.08712173998355865
5.574661731719971,0.10489356517791748
5.679007530212402,0.12293662130832672
5.783314228057861,0.14101646840572357
5.887573719024658,0.15926799178123474
5.991300582885742,0.17973512411117554
6.093754291534424,0.204305037856102
6.195461750030518,0.23140496015548706
6.297296047210693,0.2583187520503998
6.399187088012695,0.285113126039505
6.501001834869385,0.3121647238731384
6.602740287780762,0.3393978476524353
6.704439163208008,0.3666594624519348
6.806145191192627,0.39382514357566833
6.907886981964111,0.4208650290966034
7.009665489196777,0.44783976674079895
7.111460208892822,0.4748391807079315
7.213250160217285,0.5019161105155945
7.315021991729736,0.5290601849555969
7.416778087615967,0.5562191605567932
7.51852560043335,0.5833431482315063
7.620274543762207,0.6104164719581604
7.722029209136963,0.6374598741531372
7.823790550231934,0.6645089387893677
7.9255571365356445,0.6915874481201172
8.027325630187988,0.7186944484710693
8.129093170166016,0.7458110451698303
8.230859756469727,0.7729164958000183
8.332622528076172,0.8000020384788513
8.434381484985352,0.8270735144615173
8.536137580871582,0.8541444540023804
8.637894630432129,0.8812253475189209
8.739654541015625,0.9083179831504822
8.841419219970703,0.9354162216186523
8.943185806274414,0.9625120162963867
9.044825553894043,0.9900063872337341
9.14551067352295,1.0202046632766724
9.245254516601562,1.052917242050171
9.345069885253906,1.0854657888412476
9.444997787475586,1.1177223920822144
9.544893264770508,1.1501108407974243
9.644735336303711,1.182666540145874
9.744534492492676,1.2153252363204956
9.844322204589844,1.247979760169983
9.94412612915039,1.2805533409118652
10.04395580291748,1.3130401372909546
10.143803596496582,1.345492959022522
10.243651390075684,1.3779741525650024
10.343488693237305,1.4105132818222046
10.443314552307129,1.4430948495864868
10.543134689331055,1.4756792783737183
10.64295768737793,1.5082345008850098
10.742785453796387,1.5407549142837524
10.84261703491211,1.573258638381958
10.9424467086792,1.6057707071304321
11.042275428771973,1.6383042335510254
11.142102241516113,1.6708561182022095
11.241930961608887,1.703411340713501
11.341760635375977,1.7359570264816284
11.4415922164917,1.7684892416000366
11.541422843933105,1.8010133504867554
11.641250610351562,1.8335391283035278
11.741076469421387,1.8660722970962524
11.840903282165527,1.8986128568649292
11.940730094909668,1.931156039237976
12.040560722351074,1.9636963605880737
12.14039134979248,1.9962319135665894
12.240221977233887,2.028764247894287
12.34005069732666,2.0612964630126953
12.4398775100708,2.0938308238983154
12.539704322814941,2.1263675689697266
12.639530181884766,2.1589057445526123
12.739359855651855,2.1914429664611816
12.839191436767578,2.2239789962768555
12.9390230178833,2.2565135955810547
13.038853645324707,2.289048194885254
13.138681411743164,2.3215835094451904
13.238507270812988,2.3541195392608643
13.338335037231445,2.386655807495117
13.438164710998535,2.419191837310791
13.537995338439941,2.4517276287078857
13.637825965881348,2.4842629432678223
13.73765754699707,2.516798496246338
13.837488174438477,2.5493342876434326
13.93731689453125,2.5818703174591064
14.037147521972656,2.6144063472747803
14.136977195739746,2.646942138671875
14.236806869506836,2.679478168487549
14.336637496948242,2.7120137214660645
14.436469078063965,2.74454927444458
14.536299705505371,2.7770848274230957
14.636130332946777,2.8096206188201904
14.735960960388184,2.842156410217285
14.83579158782959,2.874691963195801
14.935622215270996,2.9072277545928955
15.035452842712402,2.939763307571411
15.135283470153809,2.9722986221313477
15.235114097595215,3.0048341751098633
15.334944725036621,3.0373694896698
15.434775352478027,3.0699052810668945
15.534605979919434,3.10244083404541
15.63443660736084,3.134976387023926
15.734267234802246,3.1675119400024414
15.834097862243652,3.200047492980957
15.933698654174805,3.233206033706665
16.031932830810547,3.2695164680480957
16.127626419067383,3.310697555541992
16.21949577331543,3.3579113483428955
16.30648422241211,3.411591053009033
16.390640258789062,3.469383478164673
16.472782135009766,3.530113697052002
16.554107666015625,3.591989040374756
16.635404586791992,3.653852939605713
16.716217041015625,3.7162694931030273
16.795133590698242,3.780872106552124
16.870574951171875,3.8489420413970947
16.940929412841797,3.921208381652832
17.005046844482422,3.9977715015411377
17.064699172973633,4.07749080657959
17.121370315551758,4.1592864990234375
17.176753997802734,4.242006301879883
17.2321720123291,4.324723243713379
17.287511825561523,4.407510757446289
17.342714309692383,4.490442276000977
17.39794921875,4.573403358459473
17.45331573486328,4.6563005447387695
17.508790969848633,4.739109516143799
17.56428337097168,4.8218674659729
17.619714736938477,4.904632091522217
17.675058364868164,4.987438678741455
17.73035430908203,5.070288181304932
17.785566329956055,5.15321683883667
17.838890075683594,5.2372541427612305
17.888397216796875,5.323164463043213
17.932466506958008,5.4112396240234375
17.971590042114258,5.501096248626709
18.008399963378906,5.591979026794434
18.0443058013916,5.683346748352051
18.080524444580078,5.7746500968933105
18.116518020629883,5.866036891937256
18.152273178100586,5.957484722137451
18.18798828125,6.04890775680542
18.223819732666016,6.140259742736816
18.259912490844727,6.231505870819092
18.297643661499023,6.32203483581543
18.338851928710938,6.410729885101318
18.384765625,6.496390342712402
18.436567306518555,6.577285289764404
18.494426727294922,6.652148246765137
18.558948516845703,6.718637943267822
18.628496170043945,6.77860164642334
18.701473236083984,6.834103107452393
18.776840209960938,6.886411190032959
18.853652954101562,6.936840534210205
18.93107795715332,6.986541271209717
19.008325576782227,7.0365447998046875
19.085594177246094,7.0864739418029785
19.162904739379883,7.1363043785095215
19.24018669128418,7.186156749725342
19.31741714477539,7.236100196838379
19.394615173339844,7.2861247062683105
19.471820831298828,7.336169242858887
19.549060821533203,7.386178016662598
19.626333236694336,7.436131954193115
19.7036190032959,7.486052513122559
19.780170440673828,7.536957740783691
19.854616165161133,7.590460300445557
19.925817489624023,7.647446155548096
19.994237899780273,7.707298278808594
20.06183433532715,7.768229007720947
20.129690170288086,7.829006195068359
20.19770622253418,7.889625549316406
20.265522003173828,7.950434684753418
20.332782745361328,8.011775970458984
20.398330688476562,8.074737548828125
20.460729598999023,8.140288352966309
20.519575119018555,8.20846939086914
20.576873779296875,8.2779541015625
20.6340389251709,8.347701072692871
20.691558837890625,8.417213439941406
20.748863220214844,8.486895561218262
20.805952072143555,8.556706428527832
20.862346649169922,8.626988410949707
20.916339874267578,8.698853492736816
20.966323852539062,8.772931098937988
21.01091957092285,8.849456787109375
21.05137825012207,8.927860260009766
21.089872360229492,9.00739574432373
21.127424240112305,9.087550163269043
21.16520118713379,9.167651176452637
21.2029972076416,9.247695922851562
21.24065589904785,9.32773208618164
21.278045654296875,9.40782642364502
21.313617706298828,9.488608360290527
21.345680236816406,9.570504188537598
21.373167037963867,9.653541564941406
21.398391723632812,9.737287521362305
21.423473358154297,9.82121753692627
21.44898796081543,9.90505313873291
21.474380493164062,9.9888916015625
21.499570846557617,10.072731971740723
21.52470588684082,10.156538963317871
21.549922943115234,10.240304946899414
21.57526969909668,10.324050903320312
21.600114822387695,10.407962799072266
21.622255325317383,10.492461204528809
21.641189575195312,10.57750415802002
21.659570693969727,10.662697792053223
21.678550720214844,10.747766494750977
21.697629928588867,10.832799911499023
21.716585159301758,10.917842864990234
21.73543357849121,11.002898216247559
21.754253387451172,11.087960243225098
21.773120880126953,11.17302131652832
21.791963577270508,11.258095741271973
21.808828353881836,11.343463897705078
21.822175979614258,11.429147720336914
21.833879470825195,11.51501178741455
21.846012115478516,11.60086441040039
21.858501434326172,11.686677932739258
21.870868682861328,11.772509574890137
21.883089065551758,11.858352661132812
21.895252227783203,11.944190979003906
21.90745735168457,12.030013084411621
21.919748306274414,12.115821838378906
21.93210220336914,12.201626777648926
21.9444637298584,12.287440299987793
21.956785202026367,12.37326717376709
21.969058990478516,12.459125518798828
21.98134422302246,12.545226097106934
21.99371337890625,12.631843566894531
22.006229400634766,12.719259262084961
22.018922805786133,12.807754516601562
22.031810760498047,12.897583961486816
22.04491424560547,12.989033699035645
22.058271408081055,13.082389831542969
22.071931838989258,13.177948951721191
22.085918426513672,13.275811195373535
22.100210189819336,13.375727653503418
22.114755630493164,13.477377891540527
22.1295108795166,13.580500602722168
22.14443588256836,13.684843063354492
22.159488677978516,13.790155410766602
22.174636840820312,13.896162986755371
22.189844131469727,14.002570152282715
22.205066680908203,14.109078407287598
22.220291137695312,14.215583801269531
22.235519409179688,14.322091102600098
22.25074577331543,14.428604125976562
22.265972137451172,14.53512191772461
22.28119468688965,14.641642570495605
22.296419143676758,14.748162269592285
22.311643600463867,14.854677200317383
22.32686996459961,14.961187362670898
22.342098236083984,15.067696571350098
22.357318878173828,15.174206733703613
22.372541427612305,15.280719757080078
22.38776397705078,15.387236595153809
22.402990341186523,15.493753433227539
22.418216705322266,15.60027027130127
22.43344497680664,15.706785202026367
22.448673248291016,15.813297271728516
22.463897705078125,15.919809341430664
22.47911834716797,16.026321411132812
22.494338989257812,16.132835388183594
22.509567260742188,16.239349365234375
22.524795532226562,16.34586524963379
22.540023803710938,16.452381134033203
22.555252075195312,16.558895111083984
22.570480346679688,16.665409088134766
22.585708618164062,16.771921157836914
22.600936889648438,16.878435134887695
22.616165161132812,16.984947204589844
22.631393432617188,17.091463088989258
22.646621704101562,17.19797706604004
22.661849975585938,17.30449104309082
22.677078247070312,17.4110050201416
22.692306518554688,17.517518997192383
22.707534790039062,17.624032974243164
22.722763061523438,17.730546951293945
22.737991333007812,17.837060928344727
22.753219604492188,17.943574905395508
22.768447875976562,18.05008888244629
22.783676147460938,18.15660285949707
22.798904418945312,18.26311683654785
22.814132690429688,18.369630813598633
22.829360961914062,18.476144790649414
22.844589233398438,18.582658767700195
22.859817504882812,18.689172744750977
22.875045776367188,18.795686721801758
22.890274047851562,18.90220069885254
22.905502319335938,19.00871467590332
22.920730590820312,19.1152286529541
22.935958862304688,19.221742630004883
22.951187133789062,19.328256607055664
22.966415405273438,19.434770584106445
22.981643676757812,19.541284561157227
22.996871948242188,19.647798538208008
23.012100219726562,19.75431251525879
23.027328491210938,19.86082649230957
23.042556762695312,19.96734046936035
23.057785034179688,20.073854446411133
23.073013305664062,20.180368423461914
23.088241577148438,20.286882400512695
23.103469848632812,20.393396377563477
23.118404388427734,20.49994468688965
23.130584716796875,20.606674194335938
23.13754653930664,20.713380813598633
23.138641357421875,20.81974220275879
23.13642692565918,20.926027297973633
23.133235931396484,21.032398223876953
23.130239486694336,21.13882827758789
23.126953125,21.24524688720703
23.123178482055664,21.35161781311035
23.117197036743164,21.457765579223633
23.106895446777344,21.563220977783203
23.090749740600586,21.667261123657227
23.070762634277344,21.7703914642334
23.049314498901367,21.873332977294922
23.027875900268555,21.97637176513672
23.00620460510254,22.079383850097656
22.98410987854004,22.18228530883789
22.961864471435547,22.285114288330078
22.93975257873535,22.3879337310791
22.917884826660156,22.490787506103516
22.896194458007812,22.59368896484375
22.8745059967041,22.696619033813477
22.85268783569336,22.79955291748047
22.83072280883789,22.902467727661133
22.80869483947754,23.00536346435547
22.786706924438477,23.10824966430664
22.764814376831055,23.211135864257812
22.742996215820312,23.314023971557617
22.721187591552734,23.416915893554688
22.6993350982666,23.51980972290039
22.67742347717285,23.622711181640625
22.65548324584961,23.72561264038086
22.63471031188965,23.828710556030273
22.617610931396484,23.932199478149414
22.605928421020508,24.035913467407227
22.601078033447266,24.139389038085938
22.60005760192871,24.242877960205078
22.601179122924805,24.346450805664062
22.60729217529297,24.44944953918457
22.620845794677734,24.550800323486328
22.643077850341797,24.64933204650879
22.67228889465332,24.745359420776367
22.705711364746094,24.84012222290039
22.74254035949707,24.933679580688477
22.78050994873047,25.026752471923828
22.818185806274414,25.119815826416016
22.85603904724121,25.212696075439453
22.894094467163086,25.305496215820312
22.93219566345215,25.39837074279785
22.970869064331055,25.491121292114258
23.012401580810547,25.582460403442383
23.055526733398438,25.672962188720703
23.09832000732422,25.763593673706055
23.140954971313477,25.85420799255371
23.18374252319336,25.944660186767578
23.226673126220703,26.03501319885254
23.2696590423584,26.1253719329834
23.31260871887207,26.215824127197266
23.355485916137695,26.30638313293457
23.398311614990234,26.396991729736328
23.441139221191406,26.487581253051758
23.484092712402344,26.57805061340332
23.528966903686523,26.667402267456055
23.57726287841797,26.754558563232422
23.629228591918945,26.83917236328125
23.682344436645508,26.923179626464844
23.73520278930664,27.00745964050293
23.787981033325195,27.09181022644043
23.84101104736328,27.175960540771484
23.89422035217285,27.25993537902832
23.94744300842285,27.343847274780273
24.00055694580078,27.427812576293945
24.05354118347168,27.511892318725586
24.106470108032227,27.59605598449707
24.160022735595703,27.679826736450195
24.216257095336914,27.761554718017578
24.276338577270508,27.839860916137695
24.340024948120117,27.914684295654297
24.405176162719727,27.988309860229492
24.470537185668945,28.061861038208008
24.53567886352539,28.135623931884766
24.601036071777344,28.209165573120117
24.666593551635742,28.282493591308594
24.732200622558594,28.355756759643555
24.79772186279297,28.42910385131836
24.863117218017578,28.50259017944336
24.92844009399414,28.576168060302734
24.993778228759766,28.649744033813477
25.05919075012207,28.723251342773438
25.124671936035156,28.796676635742188
25.19017219543457,28.87006950378418
25.25563621520996,28.943479537963867
25.3210506439209,29.016937255859375
25.38643455505371,29.090435028076172
25.451824188232422,29.163942337036133
25.517248153686523,29.237428665161133
25.58270263671875,29.310888290405273
25.648162841796875,29.38433074951172
25.713607788085938,29.45777702331543
25.77881622314453,29.531417846679688
25.842296600341797,29.606409072875977
25.902328491210938,29.683744430541992
25.95881462097168,29.7632999420166
26.014362335205078,29.843589782714844
26.07029151916504,29.923690795898438
26.126060485839844,30.003908157348633
26.179428100585938,30.085542678833008
26.228748321533203,30.169252395629883
26.2733097076416,30.25505828857422
26.315610885620117,30.341970443725586
26.35760498046875,30.429140090942383
26.397724151611328,30.51708221435547
26.433666229248047,30.606416702270508
26.467863082885742,30.69643783569336
26.50239372253418,30.786378860473633
26.536884307861328,30.876338958740234
26.56893539428711,30.9670352935791
26.596708297729492,31.058698654174805
26.618385314941406,31.151220321655273
26.63257598876953,31.244104385375977
26.64163589477539,31.337295532226562
26.648109436035156,31.430971145629883
26.652372360229492,31.524852752685547
26.65654182434082,31.618684768676758
26.660747528076172,31.712392807006836
26.66275978088379,31.806001663208008
26.660785675048828,31.899288177490234
26.65340232849121,31.991735458374023
26.639118194580078,32.082393646240234
26.617151260375977,32.17011260986328
26.586193084716797,32.253211975097656
26.548994064331055,32.33298873901367
26.50755500793457,32.41049575805664
26.46320152282715,32.486454010009766
26.41704750061035,32.561500549316406
26.369911193847656,32.63605499267578
26.319849014282227,32.70845413208008
26.26592445373535,32.777400970458984
26.207477569580078,32.841285705566406
26.144617080688477,32.89902877807617
26.07876968383789,32.952735900878906
26.01045036315918,33.003299713134766
25.940570831298828,33.051719665527344
25.87027931213379,33.099578857421875
25.80020523071289,33.1477165222168
25.730228424072266,33.196014404296875
25.659854888916016,33.24381637573242
25.58818817138672,33.28950119018555
25.51474380493164,33.33159255981445
25.43939971923828,33.36858367919922
25.362350463867188,33.3990478515625
25.284086227416992,33.42439651489258
25.20490837097168,33.44700622558594
25.125062942504883,33.46781539916992
25.044904708862305,33.48796463012695
24.96485137939453,33.50859069824219
24.88472557067871,33.528709411621094
24.804208755493164,33.5462532043457
24.72336196899414,33.56013107299805
24.642446517944336,33.56903839111328
24.56206512451172,33.571651458740234
24.482194900512695,33.5692024230957
24.40238380432129,33.56373977661133
24.32250213623047,33.556556701660156
24.242551803588867,33.54890823364258
24.1625919342041,33.54182052612305
24.082733154296875,33.53468322753906
24.003196716308594,33.52582550048828
23.92436981201172,33.51383590698242
23.846712112426758,33.497802734375
23.771081924438477,33.476600646972656
23.698583602905273,33.44939422607422
23.629295349121094,33.41679382324219
23.56179428100586,33.38074493408203
23.495450973510742,33.34230422973633
23.42975616455078,33.302490234375
23.364248275756836,33.262306213378906
23.298574447631836,33.22251892089844
23.232830047607422,33.182979583740234
23.167097091674805,33.14344024658203
23.101322174072266,33.1038932800293
23.035478591918945,33.0643424987793
22.96958351135254,33.0247802734375
22.903675079345703,32.98521041870117
22.837799072265625,32.945640563964844
22.771970748901367,32.90607833862305
22.706178665161133,32.86653137207031
22.64039421081543,32.82699203491211
22.574338912963867,32.78791809082031
22.507299423217773,32.75077438354492
22.438913345336914,32.71683120727539
22.369646072387695,32.68500518798828
22.300216674804688,32.65336227416992
22.231075286865234,32.62106704711914
22.162006378173828,32.58869934082031
22.092899322509766,32.55649185180664
22.023765563964844,32.52438735961914
21.954635620117188,32.49226760864258
21.88552474975586,32.460044860839844
21.81642723083496,32.427730560302734
21.747325897216797,32.39537811279297
21.67820930480957,32.36307144165039
21.60908317565918,32.33081817626953
21.53995704650879,32.29861831665039
21.470844268798828,32.266422271728516
21.40167999267578,32.23415756225586
21.332202911376953,32.20170974731445
21.262142181396484,32.16897964477539
21.191251754760742,32.1358757019043
21.119264602661133,32.10227584838867
21.046066284179688,32.06813430786133
20.971914291381836,32.033546447753906
20.897056579589844,31.998611450195312
20.821748733520508,31.96345329284668
20.746179580688477,31.928165435791016
20.67052459716797,31.89284324645996
20.594318389892578,31.858707427978516
20.517080307006836,31.827476501464844
20.4388484954834,31.79969024658203
20.360252380371094,31.772933959960938
20.281797409057617,31.74573516845703
20.203495025634766,31.718219757080078
20.12516975402832,31.690874099731445
20.046794891357422,31.6636905670166
19.9683895111084,31.636537551879883
19.889976501464844,31.609304428100586
19.811574935913086,31.581954956054688
19.733186721801758,31.554540634155273
19.65480613708496,31.527135848999023
19.576427459716797,31.499801635742188
19.498048782348633,31.4725284576416
19.41967010498047,31.445281982421875
19.341297149658203,31.418010711669922
19.262916564941406,31.39069175720215
19.18453025817871,31.36334228515625
19.106138229370117,31.33599090576172
19.027742385864258,31.308658599853516
18.949350357055664,31.281354904174805
18.8709659576416,31.25406265258789
18.792593002319336,31.226768493652344
18.71422004699707,31.199460983276367
18.635845184326172,31.172136306762695
18.557458877563477,31.14480972290039
18.479068756103516,31.117488861083984
18.40067481994629,31.090177536010742
18.322284698486328,31.062868118286133
18.243900299072266,31.035560607910156
18.165525436401367,31.008251190185547
18.087148666381836,30.98093605041504
18.00876808166504,30.9536190032959
17.93038558959961,30.92630386352539
17.85199737548828,30.89899253845215
17.773609161376953,30.871679306030273
17.695219039916992,30.84436798095703
17.61683464050293,30.817058563232422
17.5384521484375,30.78974723815918
17.460071563720703,30.762434005737305
17.381690979003906,30.73512077331543
17.303306579589844,30.707805633544922
17.22492027282715,30.680490493774414
17.146533966064453,30.65317726135254
17.068147659301758,30.625865936279297
16.989761352539062,30.598552703857422
16.911378860473633,30.571239471435547
16.832996368408203,30.543926239013672
16.754613876342773,30.516613006591797
16.67622947692871,30.489299774169922
16.59784507751465,30.461986541748047
16.519458770751953,30.434673309326172
16.441072463989258,30.407360076904297
16.362688064575195,30.380046844482422
16.284133911132812,30.353294372558594
16.20494842529297,30.32908058166504
16.125160217285156,30.30776596069336
16.045133590698242,30.287233352661133
15.96525764465332,30.266002655029297
15.885421752929688,30.244611740112305
15.805560111999512,30.223371505737305
15.72568416595459,30.202266693115234
15.645812034606934,30.181194305419922
15.565956115722656,30.16006088256836
15.486115455627441,30.138835906982422
15.406272888183594,30.117551803588867
15.326417922973633,30.09627914428711
15.246548652648926,30.075054168701172
15.166674613952637,30.053878784179688
15.086806297302246,30.0327205657959
15.006952285766602,30.011547088623047
14.927108764648438,29.990339279174805
14.84726333618164,29.96910858154297
14.767411231994629,29.947877883911133
14.687548637390137,29.926664352416992
14.60767936706543,29.905467987060547
14.527812004089355,29.884279251098633
14.447952270507812,29.86308479309082
14.367886543273926,29.842859268188477
14.28738784790039,29.82541275024414
14.206511497497559,29.811628341674805
14.125384330749512,29.79962730407715
14.04421329498291,29.787399291992188
13.963109970092773,29.774614334106445
13.882007598876953,29.761943817138672
13.800907135009766,29.749452590942383
13.719820022583008,29.737035751342773
13.638748168945312,29.72456169128418
13.5576810836792,29.711977005004883
13.476602554321289,29.699308395385742
13.395505905151367,29.686630249023438
13.314395904541016,29.67401123046875
13.233284950256348,29.661455154418945
13.152185440063477,29.6489315032959
13.0711030960083,29.63639259338379
12.990031242370605,29.623815536499023
12.908958435058594,29.6112060546875
12.827874183654785,29.598590850830078
12.74677848815918,29.585988998413086
12.665674209594727,29.573413848876953
12.58457088470459,29.560850143432617
12.5034761428833,29.548282623291016
12.422380447387695,29.53580093383789
12.341133117675781,29.525102615356445
12.259810447692871,29.517789840698242
12.178619384765625,29.514577865600586
12.09740924835205,29.51351547241211
12.016088485717773,29.51280975341797
11.9347505569458,29.511445999145508
11.853435516357422,29.510086059570312
11.7721586227417,29.508922576904297
11.690911293029785,29.507843017578125
11.60966968536377,29.506710052490234
11.528412818908691,29.505455017089844
11.447126388549805,29.504106521606445
11.365817070007324,29.502750396728516
11.284499168395996,29.50145149230957
11.203192710876465,29.500226974487305
11.121909141540527,29.49903678894043
11.040642738342285,29.49782943725586
10.959382057189941,29.496580123901367
10.878113746643066,29.495296478271484
10.796832084655762,29.494003295898438
10.715546607971191,29.493078231811523
10.634391784667969,29.494354248046875
10.553672790527344,29.499073028564453
10.4733304977417,29.50642967224121
10.39293384552002,29.513957977294922
10.312443733215332,29.520727157592773
10.231958389282227,29.527475357055664
10.151510238647461,29.534420013427734
10.071088790893555,29.541481018066406
9.990674018859863,29.54852867126465
9.910243034362793,29.55547523498535
9.829789161682129,29.562320709228516
9.74931812286377,29.569129943847656
9.668845176696777,29.57598114013672
9.58838176727295,29.582897186279297
9.5079345703125,29.58985710144043
9.427496910095215,29.596818923950195
9.347061157226562,29.60374641418457
9.266619682312012,29.610633850097656
9.18616771697998,29.617507934570312
9.105709075927734,29.624393463134766
9.025248527526855,29.631303787231445
8.944791793823242,29.63823127746582
8.864336013793945,29.64507293701172
8.783843040466309,29.650537490844727
8.703457832336426,29.652851104736328
8.623324394226074,29.651824951171875
8.543158531188965,29.64997100830078
8.462924003601074,29.648677825927734
8.382671356201172,29.647701263427734
8.30242919921875,29.646564483642578
8.22223949432373,29.64472007751465
8.142290115356445,29.64056396484375
8.06296443939209,29.6328067779541
7.984837532043457,29.620426177978516
7.9088358879089355,29.60230827331543
7.834551811218262,29.579736709594727
7.761044979095459,29.554487228393555
7.687869071960449,29.527719497680664
7.614760398864746,29.50043487548828
7.5420355796813965,29.47226333618164
7.470752239227295,29.441341400146484
7.401885032653809,29.406587600708008
7.336328506469727,29.367477416992188
7.2752180099487305,29.323612213134766
7.219101905822754,29.275300979614258
7.1666765213012695,29.223413467407227
7.11663293838501,29.16912078857422
7.068064212799072,29.113346099853516
7.020243167877197,29.056854248046875
6.972265720367432,29.00051498413086
6.923842906951904,28.94462013244629
6.875417709350586,28.888717651367188
6.827005863189697,28.832731246948242
6.778552055358887,28.776695251464844
6.730038166046143,28.72066307067871
6.682408809661865,28.663963317871094
6.637170791625977,28.605701446533203
6.595187664031982,28.54560089111328
6.55728006362915,28.48353385925293
6.521727561950684,28.420198440551758
6.487040042877197,28.356199264526367
6.452383995056152,28.292030334472656
6.417173385620117,28.228134155273438
6.381978511810303,28.16427993774414
6.346892356872559,28.100446701049805
6.311890125274658,28.03662872314453
6.278048992156982,27.972278594970703
6.24692440032959,27.906841278076172
6.219376564025879,27.84023666381836
6.1961669921875,27.772560119628906
6.17506742477417,27.704204559326172
6.154558181762695,27.635522842407227
6.133800983428955,27.566862106323242
6.112580299377441,27.498382568359375
6.0914201736450195,27.429943084716797
6.070314884185791,27.361522674560547
6.049166202545166,27.29311752319336
6.02792501449585,27.224708557128906
6.006613731384277,27.156282424926758
5.985291481018066,27.087833404541016
5.9640116691589355,27.019365310668945
5.94278621673584,26.95090103149414
5.92158842086792,26.882455825805664
5.900383949279785,26.81403350830078
5.879151344299316,26.74562644958496
5.858982086181641,26.676944732666016
5.841324329376221,26.60776710510254
5.827479362487793,26.538156509399414
5.8180341720581055,26.468364715576172
5.811069011688232,26.398387908935547
5.804984092712402,26.32819938659668
5.799006462097168,26.25792121887207
5.792428493499756,26.18769645690918
5.785813808441162,26.11751365661621
5.779277324676514,26.047359466552734
5.772716045379639,25.977218627929688
5.766057968139648,25.907081604003906
5.759311676025391,25.836925506591797
5.7525410652160645,25.766746520996094
5.745809078216553,25.696550369262695
5.739139080047607,25.62635040283203
5.732506275177002,25.556169509887695
5.725870609283447,25.486005783081055
5.719202995300293,25.41585350036621
5.712502479553223,25.345701217651367
5.705790042877197,25.275543212890625
5.6990885734558105,25.205366134643555
5.692408084869385,25.13517951965332
5.685742378234863,25.064990997314453
5.679076194763184,24.994813919067383
5.67240047454834,24.92464828491211
5.665713310241699,24.854490280151367
5.659020900726318,24.784334182739258
5.652332305908203,24.71417236328125
5.645650863647461,24.644004821777344
5.639420032501221,24.573801040649414
5.635125637054443,24.503576278686523
5.633988857269287,24.433534622192383
5.636876106262207,24.364044189453125
5.6442060470581055,24.295501708984375
5.653853416442871,24.227285385131836
5.664682388305664,24.15910530090332
5.6757354736328125,24.090843200683594
5.686238765716553,24.02248764038086
5.696552276611328,23.954151153564453
5.7068986892700195,23.885866165161133
5.717206001281738,23.817602157592773
5.727425575256348,23.74932098388672
5.737579822540283,23.68099594116211
5.747727870941162,23.612632751464844
5.7579193115234375,23.54425811767578
5.768164157867432,23.47589111328125
5.778433322906494,23.407550811767578
5.788689136505127,23.3392333984375
5.798912525177002,23.270931243896484
5.809595108032227,23.20271873474121
5.822176933288574,23.134944915771484
5.837698459625244,23.068071365356445
5.857055187225342,23.002742767333984
5.880536079406738,22.93944549560547
5.906187057495117,22.877046585083008
5.932730197906494,22.814851760864258
5.9594502449035645,22.752628326416016
5.9857563972473145,22.690223693847656
6.011838436126709,22.627782821655273
6.0379319190979,22.56538963317871
6.063987731933594,22.50299644470215
6.089967727661133,22.440555572509766
6.115893840789795,22.378055572509766
6.141820430755615,22.315521240234375
6.167788505554199,22.252988815307617
6.193802356719971,22.190486907958984
6.219834327697754,22.12801742553711
6.245849609375,22.065567016601562
6.271832466125488,22.003114700317383
6.297791957855225,21.94064712524414
6.3237504959106445,21.878164291381836
6.349727153778076,21.8156681060791
6.375724792480469,21.753170013427734
6.401732921600342,21.690677642822266
6.427735328674316,21.628196716308594
6.453723907470703,21.565725326538086
6.479698657989502,21.503257751464844
6.505671501159668,21.440784454345703
6.531650066375732,21.378307342529297
6.557647228240967,21.31580352783203
6.583747386932373,21.253061294555664
6.610058307647705,21.189815521240234
6.636684417724609,21.125802993774414
6.663735389709473,21.060762405395508
6.6913228034973145,20.994430541992188
6.7195563316345215,20.926549911499023
6.748532295227051,20.856895446777344
6.778192520141602,20.78560447692871
6.808425426483154,20.71294403076172
6.839120388031006,20.639171600341797
6.870179653167725,20.564523696899414
6.901491165161133,20.48927116394043
6.932957172393799,20.41364860534668
6.964471340179443,20.337919235229492
6.995992660522461,20.26217269897461
7.027517318725586,20.186418533325195
7.059041976928711,20.110666275024414
7.090562343597412,20.034921646118164
7.122077465057373,19.959190368652344
7.153589248657227,19.883464813232422
7.185100555419922,19.807741165161133
7.216614723205566,19.732009887695312
7.248133182525635,19.656269073486328
7.279654026031494,19.580524444580078
7.3111748695373535,19.504777908325195
7.342694282531738,19.42903709411621
7.374210357666016,19.353300094604492
7.405725002288818,19.277568817138672
7.437239170074463,19.201839447021484
7.468754291534424,19.12610626220703
7.500271797180176,19.050369262695312
7.531790256500244,18.974628448486328
7.563309669494629,18.89888572692871
7.594827651977539,18.823144912719727
7.626345157623291,18.747407913208008
7.65786075592041,18.671672821044922
7.689376354217529,18.59593963623047
7.720892429351807,18.520206451416016
7.7524094581604,18.444469451904297
7.783926963806152,18.368730545043945
7.8154449462890625,18.292991638183594
7.846962928771973,18.217252731323242
7.878479957580566,18.14151382446289
7.90999698638916,18.065778732299805
7.9415130615234375,17.99004364013672
7.973029613494873,17.914308547973633
8.004546165466309,17.838571548461914
8.036063194274902,17.762834548950195
8.067581176757812,17.687095642089844
8.099098205566406,17.611358642578125
8.130616188049316,17.535619735717773
8.16213321685791,17.459882736206055
8.193649291992188,17.38414764404297
8.224930763244629,17.308320999145508
8.25418472290039,17.231828689575195
8.279977798461914,17.154447555541992
8.3009033203125,17.076221466064453
8.315608978271484,16.997543334960938
8.32360553741455,16.9189510345459
8.327436447143555,16.84022331237793
8.328429222106934,16.761293411254883
8.327771186828613,16.68219757080078
8.325541496276855,16.603132247924805
8.319125175476074,16.524742126464844
8.307437896728516,16.44768524169922
8.289682388305664,16.372846603393555
8.2655611038208,16.3011531829834
8.236465454101562,16.23199462890625
8.20358657836914,16.164546966552734
8.168307304382324,16.098228454589844
8.131830215454102,16.032470703125
8.095086097717285,15.9668607711792
8.058801651000977,15.901036262512207
8.022706985473633,15.835107803344727
7.986554145812988,15.769147872924805
7.949782848358154,15.70347785949707
7.9109954833984375,15.63911247253418
7.869325637817383,15.577040672302246
7.8241705894470215,15.518317222595215
7.775236129760742,15.463988304138184
7.722989082336426,15.413952827453613
7.6686692237854,15.366164207458496
7.6129150390625,15.319742202758789
7.556424617767334,15.273929595947266
7.499941825866699,15.228034973144531
7.443857669830322,15.181771278381348
7.3875837326049805,15.135903358459473
7.330178737640381,15.091737747192383
7.271109580993652,15.050336837768555
7.210130214691162,15.012699127197266
7.147252082824707,14.97979736328125
7.082729339599609,14.952882766723633
7.017066478729248,14.931843757629395
6.950489521026611,14.914280891418457
6.883206367492676,14.899115562438965
6.815481662750244,14.88528823852539
6.747594356536865,14.871981620788574
6.679779052734375,14.858448028564453
6.612130165100098,14.844380378723145
6.5445027351379395,14.830248832702637
6.476835250854492,14.816107749938965
6.408958435058594,14.802947998046875
6.3408074378967285,14.791914939880371
6.272586345672607,14.781332969665527
6.204484939575195,14.770071029663086
6.136448383331299,14.758657455444336
6.068440914154053,14.747321128845215
6.00044059753418,14.736063003540039
5.932429790496826,14.724821090698242
5.864396572113037,14.713541030883789
5.796342849731445,14.702202796936035
5.728276252746582,14.69083023071289
5.660212993621826,14.679465293884277
5.5921630859375,14.668130874633789
5.52421236038208,14.656427383422852
5.456727981567383,14.642946243286133
5.389964580535889,14.627108573913574
5.323194980621338,14.611135482788086
5.2562103271484375,14.595918655395508
5.189177989959717,14.580824851989746
5.122165679931641,14.56564998626709
5.055187702178955,14.550411224365234
4.988234996795654,14.535172462463379
4.921288013458252,14.51998233795166
4.854330539703369,14.504846572875977
4.787346839904785,14.48973274230957
4.720170021057129,14.47456169128418
4.652517318725586,14.459248542785645
4.58411979675293,14.44373893737793
4.514704704284668,14.42799186706543
4.443993091583252,14.411965370178223
4.371708869934082,14.395602226257324
4.297570705413818,14.378828048706055
4.221301555633545,14.361567497253418
4.142711162567139,14.343767166137695
4.061926364898682,14.325456619262695
3.9792356491088867,14.306709289550781
3.8949403762817383,14.287601470947266
3.809288740158081,14.268192291259766
3.722545623779297,14.248538970947266
3.6349868774414062,14.228696823120117
3.546898126602173,14.208730697631836
3.458543539047241,14.188700675964355
3.370159149169922,14.168662071228027
3.281769037246704,14.148622512817383
3.193371295928955,14.128583908081055
3.1049680709838867,14.108546257019043
3.0165646076202393,14.088508605957031
2.9281651973724365,14.06847095489502
2.8397717475891113,14.048433303833008
2.751382350921631,14.028395652770996
2.6629936695098877,14.008358001708984
2.5746021270751953,13.988322257995605
2.486206293106079,13.96828556060791
2.3978071212768555,13.948246955871582
2.3094072341918945,13.928208351135254
2.2210092544555664,13.908169746398926
2.1326143741607666,13.888131141662598
2.044222354888916,13.86809253692627
1.955830693244934,13.848053932189941
1.8674378395080566,13.828015327453613
1.7790426015853882,13.807976722717285
1.690645456314087,13.787938117980957
1.602247714996338,13.767899513244629
1.5138509273529053,13.7478609085083
1.4254556894302368,13.727821350097656
1.3370620012283325,13.707783699035645
1.2486687898635864,13.687745094299316
1.1602749824523926,13.667706489562988
1.0718799829483032,13.64766788482666
0.9834839105606079,13.627629280090332
0.8950874209403992,13.607590675354004
0.8066913485527039,13.587552070617676
0.7182960510253906,13.567513465881348
0.6299015283584595,13.54747486114502
0.541507363319397,13.527436256408691
0.4531128704547882,13.507397651672363
0.36471784114837646,13.487359046936035
0.27632224559783936,13.467320442199707
0.18792632222175598,13.447281837463379
0.09953052550554276,13.42724323272705
0.011135110631585121,13.407204627990723
-0.07725988328456879,13.387166023254395
-0.16565465927124023,13.367127418518066
-0.25404947996139526,13.347088813781738
-0.3424445390701294,13.32705020904541
-0.4308399260044098,13.307011604309082
-0.5192354917526245,13.286972999572754
-0.6076309084892273,13.266934394836426
-0.6960261464118958,13.246895790100098
-0.7844212055206299,13.22685718536377
-0.8728161454200745,13.206818580627441
-0.9612110257148743,13.186779975891113
-1.0496060848236084,13.166741371154785
-1.1380012035369873,13.146702766418457
-1.2263964414596558,13.126664161682129
-1.3147917985916138,13.1066255569458
-1.4031869173049927,13.086586952209473
-1.4915820360183716,13.066548347473145
-1.5799771547317505,13.046509742736816
-1.6683721542358398,13.026471138000488
-1.7567671537399292,13.00643253326416
-1.845162272453308,12.986393928527832
-1.933557391166687,12.966355323791504
-2.0219526290893555,12.946316719055176
-2.1103477478027344,12.926278114318848
-2.1987428665161133,12.90623950958252
-2.287137985229492,12.886200904846191
-2.375533103942871,12.866162300109863
-2.46392822265625,12.846123695373535
-2.552323341369629,12.826085090637207
-2.640718460083008,12.806046485900879
-2.7291135787963867,12.78600788116455
-2.8175086975097656,12.765969276428223
-2.9059038162231445,12.745930671691895
-2.9942989349365234,12.725892066955566
-3.0826940536499023,12.705853462219238
-3.1710891723632812,12.68581485748291
-3.25948429107666,12.665776252746582
-3.347879409790039,12.645737648010254
-3.436274528503418,12.625699043273926
-3.524669647216797,12.605660438537598
-3.613064765930176,12.58562183380127
-3.7014598846435547,12.565583229064941
-3.7898550033569336,12.545544624328613
-3.8782501220703125,12.525506019592285
-3.9666452407836914,12.505467414855957
-4.0550408363342285,12.485428810119629
-4.143436908721924,12.4653902053833
-4.231832981109619,12.445351600646973
-4.3202290534973145,12.425312995910645
-4.40862512588501,12.405274391174316
-4.497021198272705,12.385235786437988
-4.5854172706604,12.36519718170166
-4.673813343048096,12.345158576965332
-4.762264728546143,12.325414657592773
-4.851058483123779,12.30800724029541
-4.940187454223633,12.294478416442871
-5.029313564300537,12.286548614501953
-5.1177496910095215,12.28564167022705
-5.2051615715026855,12.291316986083984
-5.292212009429932,12.300887107849121
-5.379138469696045,12.31285572052002
-5.466048717498779,12.32586669921875
-5.552982807159424,12.338658332824707
-5.639847755432129,12.351383209228516
-5.726637840270996,12.36418628692627
-5.813422679901123,12.376933097839355
-5.9002604484558105,12.389564514160156
-5.987168312072754,12.402119636535645
-6.074124336242676,12.414676666259766
-6.161084175109863,12.427298545837402
-6.248011112213135,12.439986228942871
-6.334892749786377,12.4527006149292
-6.421741008758545,12.4653902053833
-6.5085835456848145,12.478034973144531
-6.595551013946533,12.48950481414795
-6.682661056518555,12.497695922851562
-6.769596099853516,12.501103401184082
-6.855808258056641,12.498663902282715
-6.941542625427246,12.49222183227539
-7.027259826660156,12.484095573425293
-7.113005638122559,12.47520923614502
-7.198805332183838,12.466739654541016
-7.284353256225586,12.456769943237305
-7.369132041931152,12.443273544311523
-7.452548980712891,12.425241470336914
-7.534438610076904,12.402910232543945
-7.615895748138428,12.378861427307129
-7.697348117828369,12.354355812072754
-7.778910160064697,12.330039978027344
-7.86043119430542,12.305644035339355
-7.941839694976807,12.28100872039795
-8.023200035095215,12.256346702575684
-8.104586601257324,12.231840133666992
-8.186039924621582,12.20751953125
-8.267547607421875,12.1832857131958
-8.349069595336914,12.159005165100098
-8.430574417114258,12.134607315063477
-8.511871337890625,12.109597206115723
-8.592164039611816,12.082100868225098
-8.670784950256348,12.0511474609375
-8.746737480163574,12.015684127807617
-8.818825721740723,11.974936485290527
-8.88760757446289,11.929878234863281
-8.954533576965332,11.882039070129395
-9.020459175109863,11.832494735717773
-9.086017608642578,11.782236099243164
-9.151837348937988,11.732344627380371
-9.217649459838867,11.682574272155762
-9.28338623046875,11.63282585144043
-9.34913158416748,11.58314037322998
-9.414944648742676,11.533509254455566
-9.48083209991455,11.483885765075684
-9.54675579071045,11.434219360351562
-9.612669944763184,11.384498596191406
-9.678548812866211,11.334747314453125
-9.744388580322266,11.28500747680664
-9.810208320617676,11.235308647155762
-9.876029968261719,11.185647964477539
-9.94186782836914,11.136001586914062
-10.00772476196289,11.086338996887207
-10.07359504699707,11.036643028259277
-10.1394681930542,10.986922264099121
-10.205336570739746,10.9371976852417
-10.271195411682129,10.887487411499023
-10.337045669555664,10.837800025939941
-10.402888298034668,10.788127899169922
-10.468730926513672,10.738455772399902
-10.534578323364258,10.688773155212402
-10.600434303283691,10.639076232910156
-10.666296005249023,10.589370727539062
-10.732160568237305,10.539664268493652
-10.79802417755127,10.48996639251709
-10.863879203796387,10.440276145935059
-10.929838180541992,10.390508651733398
-10.996134757995605,10.340485572814941
-11.063027381896973,10.290009498596191
-11.130736351013184,10.238913536071777
-11.199468612670898,10.187044143676758
-11.269208908081055,10.13441276550293
-11.339710235595703,10.081207275390625
-11.410770416259766,10.027580261230469
-11.482190132141113,9.97368049621582
-11.55377197265625,9.919658660888672
-11.625409126281738,9.865591049194336
-11.697100639343262,9.811485290527344
-11.768827438354492,9.757353782653809
-11.840555191040039,9.703221321105957
-11.912254333496094,9.6491117477417
-11.983914375305176,9.59503173828125
-12.055545806884766,9.540971755981445
-12.127174377441406,9.48691463470459
-12.198821067810059,9.432844161987305
-12.270495414733887,9.378751754760742
-12.342192649841309,9.3246431350708
-12.41383171081543,9.270452499389648
-12.484474182128906,9.215106010437012
-12.552641868591309,9.157220840454102
-12.617030143737793,9.096001625061035
-12.677674293518066,9.031734466552734
-12.737016677856445,8.96613883972168
-12.79596996307373,8.900009155273438
-12.855299949645996,8.834149360656738
-12.91451644897461,8.768203735351562
-12.973539352416992,8.702141761779785
-13.032499313354492,8.636088371276855
-13.091526985168457,8.5701322555542
-13.150673866271973,8.504276275634766
-13.2099027633667,8.43845272064209
-13.269134521484375,8.372586250305176
-13.328312873840332,8.306641578674316
-13.387429237365723,8.240644454956055
-13.446520805358887,8.174647331237793
-13.505622863769531,8.108695030212402
-13.564756393432617,8.042794227600098
-13.623913764953613,7.976918697357178
-13.683074951171875,7.911029815673828
-13.74222469329834,7.84510612487793
-13.801361083984375,7.779151439666748
-13.860491752624512,7.7131876945495605
-13.91962718963623,7.647237777709961
-13.978769302368164,7.5813117027282715
-14.037069320678711,7.514710903167725
-14.092877388000488,7.446314334869385
-14.145081520080566,7.3756327629089355
-14.196019172668457,7.304023742675781
-14.247013092041016,7.232348918914795
-14.298398971557617,7.160920143127441
-14.349662780761719,7.089410781860352
-14.40074634552002,7.017806529998779
-14.451752662658691,6.946183681488037
-14.50279712677002,6.874611854553223
-14.553942680358887,6.803109645843506
-14.605170249938965,6.7316436767578125
-14.656414031982422,6.660162448883057
-14.707616806030273,6.588634014129639
-14.758761405944824,6.517063617706299
-14.80987548828125,6.445483684539795
-14.860994338989258,6.373927593231201
-14.912140846252441,6.302406311035156
-14.963315963745117,6.230907917022705
-15.014497756958008,6.1594061851501465
-15.06567096710205,6.087883472442627
-15.116828918457031,6.016337871551514
-15.167976379394531,5.94478178024292
-15.219124794006348,5.873231887817383
-15.270280838012695,5.801698207855225
-15.32144546508789,5.730177879333496
-15.37260913848877,5.658661842346191
-15.4237699508667,5.58713960647583
-15.474925994873047,5.5156073570251465
-15.526081085205078,5.444066524505615
-15.577237129211426,5.372525215148926
-15.628397941589355,5.30098819732666
-15.679559707641602,5.229457378387451
-15.730721473693848,5.157930374145508
-15.781879425048828,5.086403846740723
-15.833037376403809,5.014875888824463
-15.88419246673584,4.943343639373779
-15.935349464416504,4.871809005737305
-15.986510276794434,4.80027437210083
-16.03767204284668,4.728740692138672
-16.088836669921875,4.6572089195251465
-16.13999366760254,4.5856781005859375
-16.19114875793457,4.514147758483887
-16.2423038482666,4.442616939544678
-16.293458938598633,4.371086120605469
-16.344619750976562,4.299553871154785
-16.395782470703125,4.228020668029785
-16.44694709777832,4.156487941741943
-16.49810218811035,4.084956169128418
-16.549259185791016,4.013423919677734
-16.600414276123047,3.9418928623199463
-16.651567459106445,3.870361566543579
-16.702730178833008,3.79883074760437
-16.753890991210938,3.727299451828003
-16.8050537109375,3.6557676792144775
-16.85620880126953,3.5842347145080566
-16.907363891601562,3.512701988220215
-16.958518981933594,3.4411697387695312
-17.009674072265625,3.3696377277374268
-17.06083106994629,3.2981069087982178
-17.11199378967285,3.226576089859009
-17.163150787353516,3.1550447940826416
-17.214305877685547,3.083512783050537
-17.265460968017578,3.0119802951812744
-17.31661605834961,2.9404475688934326
-17.36777114868164,2.86891508102417
-17.418926239013672,2.7973837852478027
-17.470081329345703,2.7258527278900146
-17.521236419677734,2.6543219089508057
-17.572391510009766,2.5827901363372803
-17.623546600341797,2.5112578868865967
-17.674701690673828,2.439725637435913
-17.72585678100586,2.3681936264038086
-17.77701187133789,2.2966620922088623
-17.828166961669922,2.225130796432495
-17.879322052001953,2.153599500656128
-17.930477142333984,2.08206844329834
-17.981632232666016,2.0105373859405518
-18.032787322998047,1.9390056133270264
-18.083942413330078,1.8674737215042114
-18.13509750366211,1.7959418296813965
-18.18625259399414,1.7244099378585815
-18.237407684326172,1.6528781652450562
-18.288562774658203,1.5813463926315308
-18.339717864990234,1.509814739227295
-18.391111373901367,1.438464641571045
-18.444272994995117,1.368598222732544
-18.50023651123047,1.3014118671417236
-18.559350967407227,1.2376104593276978
-18.619796752929688,1.1750330924987793
-18.680360794067383,1.1124266386032104
-18.74055290222168,1.0494393110275269
-18.800857543945312,0.9865993857383728
-18.861295700073242,0.923943281173706
-18.921762466430664,0.861350953578949
-18.98216438293457,0.7986961603164673
-19.04247283935547,0.735924243927002
-19.102739334106445,0.6730673313140869
-19.163026809692383,0.6102021932601929
-19.223371505737305,0.547390878200531
-19.283761978149414,0.4846459627151489
-19.344158172607422,0.4219365417957306
-19.404525756835938,0.35921862721443176
-19.46485137939453,0.29646584391593933
-19.525691986083984,0.2342502921819687
-19.58837890625,0.17415466904640198
-19.653621673583984,0.11746861040592194
-19.721952438354492,0.06577541679143906
-19.793127059936523,0.019465893507003784
-19.866212844848633,-0.023496730253100395
-19.94045066833496,-0.06471125781536102
-20.01520538330078,-0.10522294789552689
-20.08989143371582,-0.14587652683258057
-20.16448402404785,-0.18658339977264404
-20.239086151123047,-0.22716329991817474
-20.313669204711914,-0.26775991916656494
-20.38821792602539,-0.3084755539894104
-20.462751388549805,-0.34930941462516785
-20.537303924560547,-0.3901861011981964
-20.61189079284668,-0.43102237582206726
-20.686500549316406,-0.4717814326286316
-20.76104736328125,-0.5125769972801208
-20.83454704284668,-0.5549601316452026
-20.90591812133789,-0.6002326607704163
-20.97441864013672,-0.6489807963371277
-21.041465759277344,-0.6996422410011292
-21.108320236206055,-0.7507684826850891
-21.175500869750977,-0.8015617728233337
-21.24272346496582,-0.8522762060165405
-21.309778213500977,-0.9031391143798828
-21.376724243164062,-0.9540664553642273
-21.44367218017578,-1.004947304725647
-21.51070213317871,-1.0557302236557007
-21.577821731567383,-1.106443166732788
-21.644983291625977,-1.1571569442749023
-21.71213150024414,-1.2079277038574219
-21.779226303100586,-1.2587617635726929
-21.846281051635742,-1.309620976448059
-21.913320541381836,-1.3604577779769897
-21.98037338256836,-1.411248803138733
-22.04745101928711,-1.4620046615600586
-22.114545822143555,-1.512757658958435
-22.181642532348633,-1.5635350942611694
-22.248510360717773,-1.6146142482757568
-22.313865661621094,-1.6674072742462158
-22.3764591217041,-1.7228913307189941
-22.43509864807129,-1.7816420793533325
-22.48984718322754,-1.8433160781860352
-22.54288101196289,-1.906529426574707
-22.595367431640625,-1.970393180847168
-22.648109436035156,-2.0341436862945557
-22.700950622558594,-2.097796678543091
-22.753429412841797,-2.161688804626465
-22.804109573364258,-2.226822853088379
-22.85196304321289,-2.293699026107788
-22.895631790161133,-2.3627045154571533
-22.933910369873047,-2.4338788986206055
-22.9683780670166,-2.506639242172241
-23.001123428344727,-2.580380439758301
-23.032901763916016,-2.6547181606292725
-23.064876556396484,-2.729024887084961
-23.097063064575195,-2.80318021774292
-23.12848663330078,-2.877554416656494
-23.157413482666016,-2.9527015686035156
-23.182437896728516,-3.028775453567505
-23.202281951904297,-3.1056435108184814
-23.21575355529785,-3.182872772216797
-23.222068786621094,-3.259803295135498
-23.224105834960938,-3.336822748184204
-23.222227096557617,-3.4139068126678467
-23.218252182006836,-3.4909939765930176
-23.213449478149414,-3.5680367946624756
-23.209203720092773,-3.645052433013916
-23.204872131347656,-3.7220070362091064
-23.198326110839844,-3.7987091541290283
-23.188302993774414,-3.874814987182617
-23.17387580871582,-3.949761152267456
-23.15546417236328,-4.023425579071045
-23.135324478149414,-4.096681594848633
-23.114673614501953,-4.169856548309326
-23.09444236755371,-4.24312686920166
-23.07438850402832,-4.316382884979248
-23.054183959960938,-4.389571189880371
-23.033937454223633,-4.462767124176025
-23.013776779174805,-4.53603458404541
-22.992931365966797,-4.60912561416626
-22.969804763793945,-4.681338310241699
-22.943138122558594,-4.751831531524658
-22.912315368652344,-4.819904327392578
-22.878772735595703,-4.886460304260254
-22.844100952148438,-4.952585220336914
-22.809226989746094,-5.018746376037598
-22.774717330932617,-5.085142135620117
-22.740314483642578,-5.151573181152344
-22.705841064453125,-5.217920780181885
-22.6713809967041,-5.284231185913086
-22.63654899597168,-5.350310325622559
-22.599803924560547,-5.415163040161133
-22.56035804748535,-5.478039741516113
-22.518264770507812,-5.538817882537842
-22.475313186645508,-5.599096775054932
-22.4324893951416,-5.659566402435303
-22.390113830566406,-5.720347881317139
-22.34770393371582,-5.781063556671143
-22.30522918701172,-5.841686725616455
-22.26276969909668,-5.902289390563965
-22.220373153686523,-5.962937831878662
-22.178035736083984,-6.023654460906982
-22.13494873046875,-6.083817958831787
-22.089895248413086,-6.142295837402344
-22.042129516601562,-6.198043346405029
-21.991283416748047,-6.250110149383545
-21.937854766845703,-6.298852443695068
-21.882984161376953,-6.346017360687256
-21.827362060546875,-6.392511367797852
-21.771682739257812,-6.4390716552734375
-21.71631622314453,-6.485992908477783
-21.660985946655273,-6.5328898429870605
-21.605653762817383,-6.579726696014404
-21.550371170043945,-6.626600742340088
-21.495147705078125,-6.673563003540039
-21.43994903564453,-6.720598220825195
-21.384729385375977,-6.767650604248047
-21.329465866088867,-6.814669132232666
-21.274168014526367,-6.861638069152832
-21.218868255615234,-6.908575534820557
-21.16359519958496,-6.955512523651123
-21.108354568481445,-7.002472400665283
-21.053131103515625,-7.049455642700195
-20.997896194458008,-7.096449851989746
-20.942642211914062,-7.143439292907715
-20.887365341186523,-7.190418243408203
-20.832082748413086,-7.2373881340026855
-20.77675437927246,-7.284285545349121
-20.720680236816406,-7.330182075500488
-20.663103103637695,-7.373790740966797
-20.603681564331055,-7.414106369018555
-20.542285919189453,-7.450067520141602
-20.47903823852539,-7.480574131011963
-20.41437339782715,-7.504741191864014
-20.348665237426758,-7.524582386016846
-20.282085418701172,-7.541690826416016
-20.214868545532227,-7.556899070739746
-20.147336959838867,-7.571293354034424
-20.07976531982422,-7.585506916046143
-20.01244354248047,-7.600433826446533
-19.945222854614258,-7.615538597106934
-19.878002166748047,-7.630660533905029
-19.810726165771484,-7.645808696746826
-19.74338722229004,-7.660987854003906
-19.67585563659668,-7.675364971160889
-19.608051300048828,-7.687453746795654
-19.54012107849121,-7.696248531341553
-19.472381591796875,-7.7007880210876465
-19.405319213867188,-7.700263023376465
-19.33968734741211,-7.69388484954834
-19.276432037353516,-7.6811652183532715
-19.216209411621094,-7.662503719329834
-19.15838623046875,-7.638936996459961
-19.1020565032959,-7.612096309661865
-19.046781539916992,-7.583005905151367
-18.992307662963867,-7.552387237548828
-18.9383487701416,-7.520859718322754
-18.88451385498047,-7.4890666007995605
-18.830421447753906,-7.457619667053223
-18.77600860595703,-7.426597595214844
-18.72149658203125,-7.395573139190674
-18.66692543029785,-7.364523410797119
-18.612363815307617,-7.3334574699401855
-18.55833625793457,-7.301644325256348
-18.505727767944336,-7.2680277824401855
-18.4538516998291,-7.233498573303223
-18.401700973510742,-7.199325084686279
-18.34920310974121,-7.16560173034668
-18.296661376953125,-7.131846904754639
-18.2441349029541,-7.098020076751709
-18.191627502441406,-7.064178466796875
-18.139131546020508,-7.0303826332092285
-18.08664321899414,-6.996652126312256
-18.034154891967773,-6.962960720062256
-17.981664657592773,-6.92926549911499
-17.92916488647461,-6.895533561706543
-17.87665557861328,-6.861762046813965
-17.824119567871094,-6.82796049118042
-17.77138900756836,-6.794045448303223
-17.718223571777344,-6.759871482849121
-17.664382934570312,-6.725278854370117
-17.609643936157227,-6.6901068687438965
-17.553770065307617,-6.654195308685303
-17.496517181396484,-6.6173834800720215
-17.437631607055664,-6.579514026641846
-17.376863479614258,-6.540435314178467
-17.314085006713867,-6.5000691413879395
-17.249303817749023,-6.4584174156188965
-17.1826114654541,-6.415534973144531
-17.114255905151367,-6.371578216552734
-17.044477462768555,-6.326697826385498
-16.973480224609375,-6.281030178070068
-16.9014835357666,-6.234717845916748
-16.828731536865234,-6.187919616699219
-16.755474090576172,-6.140797138214111
-16.68196678161621,-6.093514442443848
-16.60841941833496,-6.046203136444092
-16.534873962402344,-5.998891830444336
-16.461320877075195,-5.951573371887207
-16.38774871826172,-5.904245376586914
-16.314165115356445,-5.856912612915039
-16.24019432067871,-5.81026029586792
-16.165210723876953,-5.765517234802246
-16.090389251708984,-5.720515727996826
-16.01573371887207,-5.675232410430908
-15.941067695617676,-5.629969120025635
-15.86635971069336,-5.584773063659668
-15.791621208190918,-5.539629936218262
-15.716875076293945,-5.494498252868652
-15.642143249511719,-5.449338436126709
-15.567435264587402,-5.404139995574951
-15.492740631103516,-5.358920097351074
-15.41804313659668,-5.3137054443359375
-15.343332290649414,-5.268513202667236
-15.268610954284668,-5.223341464996338
-15.19388484954834,-5.178175449371338
-15.11916446685791,-5.133000373840332
-15.044451713562012,-5.08781099319458
-14.969745635986328,-5.0426130294799805
-14.895037651062012,-4.997415065765381
-14.82032585144043,-4.952225208282471
-14.745609283447266,-4.907042980194092
-14.670891761779785,-4.86186408996582
-14.596175193786621,-4.8166823387146
-14.521463394165039,-4.771495342254639
-14.446752548217773,-4.72630500793457
-14.372041702270508,-4.681114196777344
-14.297327995300293,-4.635926246643066
-14.222612380981445,-4.590741157531738
-14.147896766662598,-4.545557498931885
-14.073182106018066,-4.500372886657715
-13.998469352722168,-4.4551873207092285
-13.923758506774902,-4.409999847412109
-13.849044799804688,-4.364811897277832
-13.774331092834473,-4.319624900817871
-13.699617385864258,-4.274438381195068
-13.624902725219727,-4.229252338409424
-13.550187110900879,-4.1840667724609375
-13.475471496582031,-4.138880729675293
-13.4007568359375,-4.09369421005249
-13.326043128967285,-4.048507213592529
-13.251328468322754,-4.003320693969727
-13.176614761352539,-3.958134174346924
-13.101900100708008,-3.9129481315612793
-13.02718448638916,-3.8677616119384766
-12.952469825744629,-3.822575092315674
-12.877755165100098,-3.777388095855713
-12.803040504455566,-3.732201337814331
-12.728325843811035,-3.6870150566101074
-12.653611183166504,-3.641828775405884
-12.578896522521973,-3.5966427326202393
-12.504181861877441,-3.5514566898345947
-12.42946720123291,-3.506269693374634
-12.354752540588379,-3.461082935333252
-12.280037879943848,-3.415896415710449
-12.205323219299316,-3.3707103729248047
-12.130608558654785,-3.32552433013916
-12.055893898010254,-3.2803382873535156
-11.981179237365723,-3.235152244567871
-11.906464576721191,-3.1899662017822266
-11.83174991607666,-3.144780158996582
-11.757035255432129,-3.0995941162109375
-11.682320594787598,-3.054408073425293
-11.607556343078613,-3.009310007095337
-11.531888008117676,-2.9659738540649414
-11.45474910736084,-2.9260082244873047
-11.375948905944824,-2.890817642211914
-11.295604705810547,-2.8617594242095947
-11.214118957519531,-2.8375661373138428
-11.131830215454102,-2.815869092941284
-11.04906177520752,-2.7954678535461426
-10.966194152832031,-2.77522873878479
-10.883442878723145,-2.754708766937256
-10.800722122192383,-2.7343335151672363
-10.718029975891113,-2.713993787765503
-10.635353088378906,-2.6935551166534424
-10.552667617797852,-2.6729841232299805
-10.469949722290039,-2.6523425579071045
-10.387197494506836,-2.6317217350006104
-10.304429054260254,-2.6111764907836914
-10.221673011779785,-2.5906999111175537
-10.138948440551758,-2.5702435970306396
-10.056252479553223,-2.54975962638855
-9.9735689163208,-2.5292298793792725
-9.890872955322266,-2.5086705684661865
-9.808151245117188,-2.4881114959716797
-9.725406646728516,-2.4675745964050293
-9.642654418945312,-2.44706130027771
-9.559911727905273,-2.4265573024749756
-9.477189064025879,-2.4060471057891846
-9.394485473632812,-2.3855233192443848
-9.311783790588379,-2.3649895191192627
-9.22907543182373,-2.3444554805755615
-9.146353721618652,-2.323927164077759
-9.063620567321777,-2.303405284881592
-8.98088264465332,-2.282886028289795
-8.898148536682129,-2.2623648643493652
-8.815424919128418,-2.241839647293091
-8.732708930969238,-2.2213122844696045
-8.649998664855957,-2.2007853984832764
-8.567282676696777,-2.1802608966827393
-8.484559059143066,-2.159738540649414
-8.401833534240723,-2.139216184616089
-8.319104194641113,-2.118691921234131
-8.23637580871582,-2.098165988922119
-8.15365219116211,-2.07763934135437
-8.07093334197998,-2.0571134090423584
-7.988216400146484,-2.0365893840789795
-7.9054975509643555,-2.016066551208496
-7.822775840759277,-1.9955434799194336
-7.740052700042725,-1.9750194549560547
-7.657327651977539,-1.9544942378997803
-7.5746026039123535,-1.9339683055877686
-7.491879463195801,-1.9134427309036255
-7.409157752990723,-1.8929179906845093
-7.326436519622803,-1.8723942041397095
-7.243717193603516,-1.8518706560134888
-7.160996913909912,-1.831346869468689
-7.078274726867676,-1.8108223676681519
-6.995551586151123,-1.7902973890304565
-6.91282844543457,-1.7697721719741821
-6.830105304718018,-1.7492470741271973
-6.7473835945129395,-1.7287228107452393
-6.664662837982178,-1.7081985473632812
-6.581942081451416,-1.6876745223999023
-6.4992218017578125,-1.6671504974365234
-6.416500091552734,-1.6466262340545654
-6.333777904510498,-1.6261014938354492
-6.2510552406311035,-1.6055766344070435
-6.168332576751709,-1.5850518941879272
-6.085783004760742,-1.563934087753296
-6.0040106773376465,-1.5405328273773193
-5.923910617828369,-1.5132352113723755
-5.8462347984313965,-1.4812819957733154
-5.77222204208374,-1.4437556266784668
-5.703313827514648,-1.400151014328003
-5.640786170959473,-1.3506546020507812
-5.586881160736084,-1.2950465679168701
-5.541779518127441,-1.2348488569259644
-5.502603530883789,-1.1715859174728394
-5.468405246734619,-1.105782389640808
-5.43790340423584,-1.0382883548736572
-5.410147666931152,-0.9695999026298523
-5.38430643081665,-0.9000803232192993
-5.359353542327881,-0.8301067352294922
-5.3343377113342285,-0.7600639462471008
-5.308801174163818,-0.6901702880859375
-5.283195972442627,-0.6202734708786011
-5.257579326629639,-0.5503719449043274
-5.231927871704102,-0.4804961681365967
-5.206244468688965,-0.41065704822540283
-5.179920196533203,-0.34111425280570984
-5.15142822265625,-0.2726195156574249
-5.119888782501221,-0.2058539241552353
-5.084522247314453,-0.14170758426189423
-5.044830799102783,-0.08117594569921494
-5.000566482543945,-0.025416232645511627
-4.951796531677246,0.024252012372016907
-4.899198532104492,0.06673933565616608
-4.843454360961914,0.10078354924917221
-4.785630702972412,0.12728837132453918
-4.726605415344238,0.14757607877254486
-4.666710376739502,0.16359677910804749
-4.606136798858643,0.17622573673725128
-4.545061111450195,0.18607327342033386
-4.48362922668457,0.19383789598941803
-4.421950817108154,0.20021235942840576
-4.360121726989746,0.2061891108751297
-4.298245429992676,0.2124357521533966
-4.236420631408691,0.21948868036270142
-4.174579620361328,0.22670769691467285
-4.112711429595947,0.23389557003974915
-4.050836563110352,0.2410581260919571
-3.9889755249023438,0.24823030829429626
-3.9271388053894043,0.25543278455734253
-3.8653221130371094,0.26266127824783325
-3.8035125732421875,0.2698954939842224
-3.7416458129882812,0.2762909531593323
-3.679746389389038,0.28052157163619995
-3.6180148124694824,0.28176262974739075
-3.5563650131225586,0.28122612833976746
-3.4946208000183105,0.2807620167732239
-3.4328417778015137,0.28088241815567017
-3.371086359024048,0.28135600686073303
-3.3093674182891846,0.2817595899105072
-3.247677803039551,0.28209710121154785
-3.185995101928711,0.2824549973011017
-3.124297857284546,0.28282350301742554
-3.0626344680786133,0.2821618318557739
-3.0012059211730957,0.27924972772598267
-2.939884662628174,0.27525946497917175
-2.8785040378570557,0.2717386782169342
-2.817107677459717,0.268755167722702
-2.755734920501709,0.2657749354839325
-2.694385528564453,0.26274240016937256
-2.633044719696045,0.2596983313560486
-2.5716936588287354,0.2566855549812317
-2.5103230476379395,0.2537161111831665
-2.4489338397979736,0.2507706582546234
-2.3875386714935303,0.24781908094882965
-2.3261501789093018,0.24484290182590485
-2.2647759914398193,0.24184440076351166
-2.2034146785736084,0.23883984982967377
-2.1420586109161377,0.23584532737731934
-2.0806984901428223,0.2328663468360901
-2.0193283557891846,0.22989685833454132
-1.9579485654830933,0.22692608833312988
-1.8965644836425781,0.22394677996635437
-1.835182785987854,0.22095906734466553
-1.7738081216812134,0.21796852350234985
-1.7124403715133667,0.21498119831085205
-1.6510761976242065,0.21199959516525269
-1.5897107124328613,0.20902183651924133
-1.5283408164978027,0.2060440480709076
-1.4669654369354248,0.2030632644891739
-1.4055871963500977,0.20007918775081635
-1.3442095518112183,0.19709374010562897
-1.2828352451324463,0.194109246134758
-1.2214645147323608,0.19112686812877655
-1.160096287727356,0.18814611434936523
-1.0987279415130615,0.18516555428504944
-1.0373574495315552,0.18218402564525604
-0.9759842157363892,0.17920126020908356
-0.9146091938018799,0.17621777951717377
-0.8532339930534363,0.1732345074415207
-0.7918599843978882,0.17025195062160492
-0.7304878234863281,0.16727006435394287
-0.6691173315048218,0.16428837180137634
-0.6077471375465393,0.16130642592906952
-0.54637610912323,0.15832403302192688
-0.4850037097930908,0.15534132719039917
-0.42363011837005615,0.15235862135887146
-0.3622562289237976,0.14937610924243927
-0.30088281631469727,0.14639383554458618
-0.23951034247875214,0.14341166615486145
-0.17813874781131744,0.14042943716049194
-0.11676747351884842,0.13744708895683289
-0.0553959384560585,0.13446463644504547
0.005976232700049877,0.13148216903209686
0.06734902411699295,0.12849971652030945
0.12872213125228882,0.1255173236131668
0.19015347957611084,0.12254011631011963
0.2516251504421234,0.11954300850629807
0.31307482719421387,0.1165504902601242
